"genre","series_title","gross","imdb_rating","director"
"Drama","One Flew Over the Cuckoo's Nest",112000000,"8.7","Milos Forman"
"Drama, Mystery, Sci-Fi","The Prestige",53089891,"8.5","Christopher Nolan"
"Drama","Seven Pounds",69951824,"7.6","Gabriele Muccino"
"Drama","Synecdoche, New York",3081925,"7.6","Charlie Kaufman"
"Drama, Music, Romance","Ba wang bie ji",5216888,"8.1","Kaige Chen"
"Drama","Philadelphia",77324422,"7.7","Jonathan Demme"
"Drama, Romance, Thriller","Ah-ga-ssi",2006788,"8.1","Chan-wook Park"
"Drama","4 luni, 3 saptamâni si 2 zile",1185783,"7.9","Cristian Mungiu"
"Drama","American History X",6719864,"8.5","Tony Kaye"
"Drama","Midnight Cowboy",44785053,"7.8","John Schlesinger"
"Drama, Romance","Titanic",659325379,"7.8","James Cameron"
"Drama, War","Saving Private Ryan",216540909,"8.6","Steven Spielberg"
"Drama, Fantasy, Romance","The Curious Case of Benjamin Button",127509326,"7.8","David Fincher"
"Drama, Romance","Little Women",108101214,"7.8","Greta Gerwig"
"Drama, Family, Fantasy","A Little Princess",10019307,"7.7","Alfonso Cuarón"
"Drama","Gran Torino",148095302,"8.1","Clint Eastwood"
"Drama, Horror, Mystery","The Birds",11403529,"7.7","Alfred Hitchcock"
"Drama, Thriller, War","1917",159227644,"8.3","Sam Mendes"
"Drama","Ordinary People",54800000,"7.7","Robert Redford"
"Drama","Fried Green Tomatoes",82418501,"7.7","Jon Avnet"
"Drama, Family","Taare Zameen Par",1223869,"8.4","Aamir Khan"
"Drama, Romance","Forrest Gump",330252182,"8.8","Robert Zemeckis"
"Drama, Film-Noir","The Lost Weekend",9460000,"7.9","Billy Wilder"
"Drama, Sci-Fi","Close Encounters of the Third Kind",132088635,"7.6","Steven Spielberg"
"Drama, History, Music","Joyeux Noël",1054361,"7.7","Christian Carion"
"Drama, Mystery, Romance","Un long dimanche de fiançailles",6167817,"7.6","Jean-Pierre Jeunet"
"Drama, Fantasy, Mystery","The Illusionist",39868642,"7.6","Neil Burger"
"Drama, Mystery","Citizen Kane",1585634,"8.3","Orson Welles"
"Drama","Sling Blade",24475416,"8","Billy Bob Thornton"
"Drama, Music, Romance","Once",9439923,"7.8","John Carney"
"Drama","The Verdict",54000000,"7.7","Sidney Lumet"
"Drama, Romance, War","Casablanca",1024560,"8.5","Michael Curtiz"
"Drama","In America",15539266,"7.7","Jim Sheridan"
"Drama","Kramer vs. Kramer",106260000,"7.8","Robert Benton"
"Drama, Thriller","Le locataire",1924733,"7.7","Roman Polanski"
"Drama","Hamlet",4414535,"7.7","Kenneth Branagh"
"Drama, Music, Romance","A Star Is Born",215288866,"7.6","Bradley Cooper"
"Drama, Romance","The Lunchbox",4231500,"7.8","Ritesh Batra"
"Drama, Sport","Creed",109767581,"7.6","Ryan Coogler"
"Drama, Romance","The Perks of Being a Wallflower",17738570,"8","Stephen Chbosky"
"Drama, Romance","Amour",6739492,"7.9","Michael Haneke"
"Drama","Scent of a Woman",63895607,"8","Martin Brest"
"Drama, Fantasy, Music","Pink Floyd: The Wall",22244207,"8.1","Alan Parker"
"Drama, Family","Wonder",132422809,"8","Stephen Chbosky"
"Drama, Mystery, Sci-Fi","Abre los ojos",368234,"7.7","Alejandro Amenábar"
"Drama, Mystery, Thriller","The Conversation",4420000,"7.8","Francis Ford Coppola"
"Drama, History, Romance","Dà hóng denglong gaogao guà",2603061,"8.1","Yimou Zhang"
"Drama","Magnolia",22455976,"8","Paul Thomas Anderson"
"Drama","Vozvrashchenie",502028,"8","Andrey Zvyagintsev"
"Drama","Viskningar och rop",1742348,"8.1","Ingmar Bergman"
"Drama","La grande bellezza",2852400,"7.8","Paolo Sorrentino"
"Drama, Romance","Before Midnight",8114627,"7.9","Richard Linklater"
"Drama, Fantasy, Romance","Edward Scissorhands",56362352,"7.9","Tim Burton"
"Drama, Romance, Thriller","Match Point",23089926,"7.6","Woody Allen"
"Drama","American Beauty",130096601,"8.3","Sam Mendes"
"Drama","Capharnaüm",1661096,"8.4","Nadine Labaki"
"Drama","The Magdalene Sisters",4890878,"7.7","Peter Mullan"
"Drama, Thriller","The Machinist",1082715,"7.7","Brad Anderson"
"Drama","Trainspotting",16501785,"8.1","Danny Boyle"
"Drama, War","La Grande Illusion",172885,"8.1","Jean Renoir"
"Drama, Romance","Fa yeung nin wah",2734044,"8.1","Kar-Wai Wong"
"Drama, Thriller","Room",14677674,"8.1","Lenny Abrahamson"
"Drama, History, Thriller","Bridge of Spies",72313754,"7.6","Steven Spielberg"
"Drama, Romance, War","The Best Years of Our Lives",23650000,"8","William Wyler"
"Drama, Romance","The Fault in Our Stars",124872350,"7.7","Josh Boone"
"Drama, Family, Sport","Bacheha-Ye aseman",933933,"8.3","Majid Majidi"
"Drama, Romance, Sci-Fi","Eternal Sunshine of the Spotless Mind",34400301,"8.3","Michel Gondry"
"Drama, Fantasy, Romance","Der Himmel über Berlin",3333969,"8","Wim Wenders"
"Drama, Sport","The Hustler",8284000,"8","Robert Rossen"
"Drama","Black",733094,"8.2","Sanjay Leela Bhansali"
"Drama, Romance, War","Doctor Zhivago",111722000,"8","David Lean"
"Drama, Mystery, Thriller","Gone Girl",167767189,"8.1","David Fincher"
"Drama","The Shawshank Redemption",28341469,"9.3","Frank Darabont"
"Drama, Horror, Thriller","Peeping Tom",83957,"7.7","Michael Powell"
"Drama, Sci-Fi, Thriller","Gattaca",12339633,"7.8","Andrew Niccol"
"Drama, Horror, Thriller","What Ever Happened to Baby Jane?",4050000,"8.1","Robert Aldrich"
"Drama, Romance","Good Will Hunting",138433435,"8.3","Gus Van Sant"
"Drama, Fantasy, Romance","Mr. Nobody",3600,"7.8","Jaco Van Dormael"
"Drama, History, Mystery","Das weiße Band - Eine deutsche Kindergeschichte",2222647,"7.8","Michael Haneke"
"Drama","Breaking the Waves",4040691,"7.8","Lars von Trier"
"Drama, Romance","Pride & Prejudice",38405088,"7.8","Joe Wright"
"Drama, Romance","Sense and Sensibility",43182776,"7.6","Ang Lee"
"Drama, History, War","Black Hawk Down",108638745,"7.7","Ridley Scott"
"Drama","Efter brylluppet",412544,"7.7","Susanne Bier"
"Drama","Ondskan",15280,"7.8","Mikael Håfström"
"Drama, Family, Musical","Veer-Zaara",2921738,"7.8","Yash Chopra"
"Drama, Horror, Thriller","La piel que habito",3185812,"7.6","Pedro Almodóvar"
"Drama","8½",50690,"8","Federico Fellini"
"Drama","What's Eating Gilbert Grape",9170214,"7.8","Lasse Hallström"
"Drama, Thriller","Das Experiment",141072,"7.7","Oliver Hirschbiegel"
"Drama, Sport","The Wrestler",26236603,"7.9","Darren Aronofsky"
"Drama, Romance","The Notebook",81001787,"7.8","Nick Cassavetes"
"Drama, Romance","The Last Picture Show",29133000,"8","Peter Bogdanovich"
"Drama, Sci-Fi, Thriller","Ex Machina",25442958,"7.7","Alex Garland"
"Drama","Boogie Nights",26400640,"7.9","Paul Thomas Anderson"
"Drama, War","Mandariinid",144501,"8.2","Zaza Urushadze"
"Drama","Ikiru",55240,"8.3","Akira Kurosawa"
"Drama, Romance","Bom Yeoareum Gaeul Gyeoul Geurigo Bom",2380788,"8","Ki-duk Kim"
"Drama, Romance","Before Sunrise",5535405,"8.1","Richard Linklater"
"Drama, Music, Musical","Rockstar",985912,"7.7","Imtiaz Ali"
"Drama, Romance","Hiroshima mon amour",88300,"7.9","Alain Resnais"
"Drama, Horror, Sci-Fi","Bride of Frankenstein",4360000,"7.8","James Whale"
"Drama, Romance","Dev.D",10950,"8","Anurag Kashyap"
"Drama","Requiem for a Dream",3635482,"8.3","Darren Aronofsky"
"Drama","Boyhood",25379975,"7.9","Richard Linklater"
"Drama","Gifted",24801212,"7.6","Marc Webb"
"Drama, War","Beasts of No Nation",83861,"7.7","Cary Joji Fukunaga"
"Drama","Auf der anderen Seite",741283,"7.8","Fatih Akin"
"Drama, History, War","Under sandet",435266,"7.8","Martin Zandvliet"
"Drama, Mystery, Thriller","The Lives of Others",11286112,"8.4","Florian Henckel von Donnersmarck"
"Drama, History, Thriller","Bronenosets Potemkin",50970,"8","Sergei M. Eisenstein"
"Drama, Music, Romance","La leggenda del pianista sull'oceano",259127,"8.1","Giuseppe Tornatore"
"Drama, Mystery, Thriller","Mulholland Dr.",7220243,"7.9","David Lynch"
"Drama","Jungfrukällan",1526000,"8.1","Ingmar Bergman"
"Drama, War","Platoon",138530565,"8.1","Oliver Stone"
"Drama, Romance","Sunrise: A Song of Two Humans",539540,"8.1","F.W. Murnau"
"Drama, Western","True Grit",171243005,"7.6","Ethan Coen"
"Drama","Short Term 12",1010414,"8","Destin Daniel Cretton"
"Drama, Sci-Fi, Thriller","The Butterfly Effect",57938693,"7.6","Eric Bress"
"Drama","Udaan",7461,"8.2","Vikramaditya Motwane"
"Drama, Sci-Fi, Thriller","Gravity",274092705,"7.7","Alfonso Cuarón"
"Drama, Mystery, Romance","Hable con ella",9284265,"7.9","Pedro Almodóvar"
"Drama","Manchester by the Sea",47695120,"7.8","Kenneth Lonergan"
"Drama, Romance","Hævnen",1008098,"7.6","Susanne Bier"
"Drama, Romance, War","From Here to Eternity",30500000,"7.6","Fred Zinnemann"
"Drama","I, Daniel Blake",258168,"7.9","Ken Loach"
"Drama, Romance","Portrait de la jeune fille en feu",3759854,"8.1","Céline Sciamma"
"Drama, Thriller","Black Swan",106954678,"8","Darren Aronofsky"
"Drama, War","The Thin Red Line",36400491,"7.6","Terrence Malick"
"Drama, Romance","Brokeback Mountain",83043761,"7.7","Ang Lee"
"Drama","Todo sobre mi madre",8264530,"7.8","Pedro Almodóvar"
"Drama, Mystery","Le passé",1330596,"7.8","Asghar Farhadi"
"Drama","Nelyubov",566356,"7.6","Andrey Zvyagintsev"
"Drama, Romance","Nuovo Cinema Paradiso",11990401,"8.5","Giuseppe Tornatore"
"Drama","The Visitor",9422422,"7.6","Tom McCarthy"
"Drama, Film-Noir","Ace in the Hole",3969893,"8.1","Billy Wilder"
"Drama, Mystery, Romance","Atonement",50927067,"7.8","Joe Wright"
"Drama, Western","Unforgiven",101157447,"8.2","Clint Eastwood"
"Drama","Festen",1647780,"8","Thomas Vinterberg"
"Drama","On Golden Pond",119285432,"7.6","Mark Rydell"
"Drama","Mustang",845464,"7.6","Deniz Gamze Ergüven"
"Drama, Mystery, Sci-Fi","Moon",5009677,"7.9","Duncan Jones"
"Drama","Il conformista",541940,"8","Bernardo Bertolucci"
"Drama, Romance","The Bridges of Madison County",71516617,"7.6","Clint Eastwood"
"Drama","Y tu mamá también",13622333,"7.6","Alfonso Cuarón"
"Drama, Mystery","Darbareye Elly",106662,"8","Asghar Farhadi"
"Drama, Mystery, Romance","Trois couleurs: Rouge",4043686,"8.1","Krzysztof Kieslowski"
"Drama","My Name Is Khan",4018695,"8","Karan Johar"
"Drama, Mystery, War","Incendies",6857096,"8.3","Denis Villeneuve"
"Drama, Family, Sport","Chak De! India",1113541,"8.2","Shimit Amin"
"Drama, Sport","Kai po che!",1122527,"7.7","Abhishek Kapoor"
"Drama","I Am Sam",40311852,"7.7","Jessie Nelson"
"Drama, Music, Musical","Cabaret",42765000,"7.8","Bob Fosse"
"Drama, Mystery, War","Apocalypse Now",83471511,"8.4","Francis Ford Coppola"
"Drama, Mystery, Thriller","Chinatown",29000000,"8.1","Roman Polanski"
"Drama, Mystery, Romance","El secreto de sus ojos",6391436,"8.2","Juan José Campanella"
"Drama, History, Romance","Gone with the Wind",198676459,"8.1","Victor Fleming"
"Drama, Romance","Belle de jour",26331,"7.7","Luis Buñuel"
"Drama, Film-Noir, Romance","Notorious",10464000,"7.9","Alfred Hitchcock"
"Drama","25th Hour",13060843,"7.6","Spike Lee"
"Drama, Thriller","A Few Good Men",141340178,"7.7","Rob Reiner"
"Drama, Family, Musical","Fiddler on the Roof",80500000,"8","Norman Jewison"
"Drama, War","La battaglia di Algeri",55908,"8.1","Gillo Pontecorvo"
"Drama, Sport","Million Dollar Baby",100492203,"8.1","Clint Eastwood"
"Drama, Music","Les choristes",3635164,"7.9","Christophe Barratier"
"Drama","Fanny och Alexander",4971340,"8.1","Ingmar Bergman"
"Drama, Thriller","Misery",61276872,"7.8","Rob Reiner"
"Drama, Mystery, Romance","Rebecca",4360000,"8.1","Alfred Hitchcock"
"Drama, Romance","Before Sunset",5820649,"8.1","Richard Linklater"
"Drama, Music","Whiplash",13092000,"8.5","Damien Chazelle"
"Drama","Mysterious Skin",697181,"7.6","Gregg Araki"
"Drama, Family, Musical","My Fair Lady",72000000,"7.8","George Cukor"
"Drama","Mommy",3492754,"8.1","Xavier Dolan"
"Drama, Sport","Rocky",117235247,"8.1","John G. Avildsen"
"Drama, Horror, Sci-Fi","28 Days Later...",45064915,"7.6","Danny Boyle"
"Drama, Music, Musical","All That Jazz",37823676,"7.9","Bob Fosse"
"Drama, War","Full Metal Jacket",46357676,"8.3","Stanley Kubrick"
"Drama","The Help",169708112,"8","Tate Taylor"
"Drama, Sci-Fi","Arrival",100546139,"7.9","Denis Villeneuve"
"Drama","Detachment",71177,"7.7","Tony Kaye"
"Drama, Sci-Fi","Stalker",234723,"8.2","Andrei Tarkovsky"
"Drama","Cat on a Hot Tin Roof",17570324,"8","Richard Brooks"
"Drama","Kis Uykusu",165520,"8.1","Nuri Bilge Ceylan"
"Drama","Jagten",687185,"8.3","Thomas Vinterberg"
"Drama, Thriller, Western","High Noon",9450000,"7.9","Fred Zinnemann"
"Drama, Music","Billy Elliot",21995263,"7.7","Stephen Daldry"
"Drama","The Color Purple",98467863,"7.8","Steven Spielberg"
"Drama","Forushande",2402067,"7.8","Asghar Farhadi"
"Drama, War","The Deer Hunter",48979328,"8.1","Michael Cimino"
"Drama","There Will Be Blood",40222514,"8.2","Paul Thomas Anderson"
"Drama","The Florida Project",5904366,"7.6","Sean Baker"
"Drama, History, War","Enemy at the Gates",51401758,"7.6","Jean-Jacques Annaud"
"Drama, Music","Okuribito",1498210,"8.1","Yôjirô Takita"
"Drama, Romance, Sci-Fi","Her",25568251,"8","Spike Jonze"
"Drama, Fantasy, Music","La double vie de Véronique",1999955,"7.8","Krzysztof Kieslowski"
"Drama, Music, Romance","Gully Boy",5566534,"8","Zoya Akhtar"
"Drama, War","All Quiet on the Western Front",3270000,"8","Lewis Milestone"
"Drama, Music, Romance","The Broken Circle Breakdown",175058,"7.7","Felix van Groeningen"
"Drama","All About Eve",10177,"8.2","Joseph L. Mankiewicz"
"Drama, Fantasy, War","Pan's Labyrinth",37634615,"8.2","Guillermo del Toro"
"Drama, Western","Django Unchained",162805434,"8.4","Quentin Tarantino"
"Drama, Sci-Fi","Metropolis",1236166,"8.3","Fritz Lang"
"Drama, Horror","Les yeux sans visage",52709,"7.7","Georges Franju"
"Drama, Mystery, Thriller","Blue Velvet",8551228,"7.7","David Lynch"
"Drama","A Streetcar Named Desire",8000000,"8","Elia Kazan"
"Drama, Thriller, War","Zwartboek",4398392,"7.7","Paul Verhoeven"
"Drama, History","The Grapes of Wrath",55000,"8","John Ford"
"Drama, Thriller","Pink",1241223,"8.1","Aniruddha Roy Chowdhury"
"Drama, Music, Romance","The Red Shoes",10900000,"8.1","Michael Powell"
"Drama, Music, Mystery","Trois couleurs: Bleu",1324974,"7.9","Krzysztof Kieslowski"
"Drama, Romance","God's Own Country",335609,"7.7","Francis Lee"
"Drama, Thriller","Amores perros",5383834,"8.1","Alejandro G. Iñárritu"
"Drama","Jodaeiye Nader az Simin",7098492,"8.3","Asghar Farhadi"
"Drama","Fight Club",37030102,"8.8","David Fincher"
"Drama","Rain Man",178800000,"8","Barry Levinson"
"Drama, Mystery, Thriller","Searching",26020957,"7.6","Aneesh Chaganty"
"Drama, War","Au revoir les enfants",4542825,"8","Louis Malle"
"Drama","Central do Brasil",5595428,"8","Walter Salles"
"Drama, Mystery, Sci-Fi","Donnie Darko",1480006,"8","Richard Kelly"
"Drama, Romance","Call Me by Your Name",18095701,"7.9","Luca Guadagnino"
"Drama","Le notti di Cabiria",752045,"8.1","Federico Fellini"
"Drama, Romance","The Remains of the Day",22954968,"7.8","James Ivory"
"Drama, History, War","The Boy in the Striped Pyjamas",9030581,"7.8","Mark Herman"
"Drama, Mystery, Thriller","The Sixth Sense",293506292,"8.1","M. Night Shyamalan"
"Drama, Horror","The Shining",44017374,"8.4","Stanley Kubrick"
"Drama","Ladri di biciclette",332930,"8.3","Vittorio De Sica"
"Drama, Romance","Slumdog Millionaire",141319928,"8","Danny Boyle"
"Drama, War, Western","Giù la testa",696690,"7.6","Sergio Leone"
"Drama, Romance","La vie d'Adèle",2199675,"7.7","Abdellatif Kechiche"
"Drama, Film-Noir, Mystery","Laura",4360000,"8","Otto Preminger"
"Drama, History, Thriller","JFK",70405498,"8","Oliver Stone"
"Drama","Paris, Texas",2181987,"8.1","Wim Wenders"
"Drama, Sci-Fi","Brazil",9929135,"7.9","Terry Gilliam"
"Drama","Swades: We, the People",1223240,"8.2","Ashutosh Gowariker"
